{"Scale":1.1175528764724732,"Opacity":0.029999999329447748,"Height":0.20320293307304383,"TwistRate":10,"PetalCount":6,"StartWithSteamVR":true,"UseChaperoneColor":false,"LinkOpacityWithTwist":false,"OnlyShowInDashboard":false}